image_id,level,target_width_px,seed
L1_w06_000.png,L1,6,49
L1_w06_001.png,L1,6,186
L1_w06_002.png,L1,6,323
L1_w06_003.png,L1,6,460
L1_w06_004.png,L1,6,597
L1_w06_005.png,L1,6,734
L1_w06_006.png,L1,6,871
L1_w06_007.png,L1,6,1008
L1_w06_008.png,L1,6,1145
L1_w06_009.png,L1,6,1282
L1_w08_000.png,L1,8,1419
L1_w08_001.png,L1,8,1556
L1_w08_002.png,L1,8,1693
L1_w08_003.png,L1,8,1830
L1_w08_004.png,L1,8,1967
L1_w08_005.png,L1,8,2104
L1_w08_006.png,L1,8,2241
L1_w08_007.png,L1,8,2378
L1_w08_008.png,L1,8,2515
L1_w08_009.png,L1,8,2652
L1_w10_000.png,L1,10,2789
L1_w10_001.png,L1,10,2926
L1_w10_002.png,L1,10,3063
L1_w10_003.png,L1,10,3200
L1_w10_004.png,L1,10,3337
L1_w10_005.png,L1,10,3474
L1_w10_006.png,L1,10,3611
L1_w10_007.png,L1,10,3748
L1_w10_008.png,L1,10,3885
L1_w10_009.png,L1,10,4022
L1_w12_000.png,L1,12,4159
L1_w12_001.png,L1,12,4296
L1_w12_002.png,L1,12,4433
L1_w12_003.png,L1,12,4570
L1_w12_004.png,L1,12,4707
L1_w12_005.png,L1,12,4844
L1_w12_006.png,L1,12,4981
L1_w12_007.png,L1,12,5118
L1_w12_008.png,L1,12,5255
L1_w12_009.png,L1,12,5392
L2_w14_000.png,L2,14,5529
L2_w14_001.png,L2,14,5666
L2_w14_002.png,L2,14,5803
L2_w14_003.png,L2,14,5940
L2_w14_004.png,L2,14,6077
L2_w14_005.png,L2,14,6214
L2_w14_006.png,L2,14,6351
L2_w14_007.png,L2,14,6488
L2_w14_008.png,L2,14,6625
L2_w14_009.png,L2,14,6762
L2_w14_010.png,L2,14,20361838
L2_w14_011.png,L2,14,20361839
L2_w14_012.png,L2,14,20361840
L2_w16_000.png,L2,16,6899
L2_w16_001.png,L2,16,7036
L2_w16_002.png,L2,16,7173
L2_w16_003.png,L2,16,7310
L2_w16_004.png,L2,16,7447
L2_w16_005.png,L2,16,7584
L2_w16_006.png,L2,16,7721
L2_w16_007.png,L2,16,7858
L2_w16_008.png,L2,16,7995
L2_w16_009.png,L2,16,8132
L2_w16_010.png,L2,16,20362038
L2_w16_011.png,L2,16,20362039
L2_w16_012.png,L2,16,20362040
L2_w16_013.png,L2,16,20362041
L2_w18_000.png,L2,18,8269
L2_w18_001.png,L2,18,8406
L2_w18_002.png,L2,18,8543
L2_w18_003.png,L2,18,8680
L2_w18_004.png,L2,18,8817
L2_w18_005.png,L2,18,8954
L2_w18_006.png,L2,18,9091
L2_w18_007.png,L2,18,9228
L2_w18_008.png,L2,18,9365
L2_w18_009.png,L2,18,9502
L2_w18_010.png,L2,18,20362238
L2_w18_011.png,L2,18,20362239
L2_w18_012.png,L2,18,20362240
L3_w22_000.png,L3,22,9639
L3_w22_001.png,L3,22,9776
L3_w22_002.png,L3,22,9913
L3_w22_003.png,L3,22,10050
L3_w22_004.png,L3,22,10187
L3_w22_005.png,L3,22,10324
L3_w22_006.png,L3,22,10461
L3_w22_007.png,L3,22,10598
L3_w22_008.png,L3,22,10735
L3_w22_009.png,L3,22,10872
L3_w22_010.png,L3,22,20462638
L3_w22_011.png,L3,22,20462639
L3_w22_012.png,L3,22,20462640
L3_w26_000.png,L3,26,11009
L3_w26_001.png,L3,26,11146
L3_w26_002.png,L3,26,11283
L3_w26_003.png,L3,26,11420
L3_w26_004.png,L3,26,11557
L3_w26_005.png,L3,26,11694
L3_w26_006.png,L3,26,11831
L3_w26_007.png,L3,26,11968
L3_w26_008.png,L3,26,12105
L3_w26_009.png,L3,26,12242
L3_w26_010.png,L3,26,20463038
L3_w26_011.png,L3,26,20463039
L3_w26_012.png,L3,26,20463040
L3_w26_013.png,L3,26,20463041
L3_w30_000.png,L3,30,12379
L3_w30_001.png,L3,30,12516
L3_w30_002.png,L3,30,12653
L3_w30_003.png,L3,30,12790
L3_w30_004.png,L3,30,12927
L3_w30_005.png,L3,30,13064
L3_w30_006.png,L3,30,13201
L3_w30_007.png,L3,30,13338
L3_w30_008.png,L3,30,13475
L3_w30_009.png,L3,30,13612
L3_w30_010.png,L3,30,20463438
L3_w30_011.png,L3,30,20463439
L3_w30_012.png,L3,30,20463440
L4_w34_000.png,L4,34,13749
L4_w34_003.png,L4,34,14160
L4_w34_005.png,L4,34,14434
L4_w34_006.png,L4,34,14571
L4_w34_008.png,L4,34,14845
L4_w34_009.png,L4,34,14982
L4_w34_012.png,L4,34,15393
L4_w34_013.png,L4,34,15530
L4_w34_016.png,L4,34,15941
L4_w34_017.png,L4,34,16078
L4_w34_018.png,L4,34,16215
L4_w34_019.png,L4,34,16352
L4_w36_005.png,L4,36,17174
L4_w36_006.png,L4,36,17311
L4_w36_008.png,L4,36,17585
L4_w36_012.png,L4,36,18133
L4_w36_014.png,L4,36,18407
L4_w36_018.png,L4,36,18955
L4_w38_000.png,L4,38,19229
L4_w38_008.png,L4,38,20325
L4_w38_009.png,L4,38,20462
L4_w38_010.png,L4,38,20599
L4_w38_011.png,L4,38,20736
L4_w38_012.png,L4,38,20873
L4_w38_014.png,L4,38,21147
L4_w38_017.png,L4,38,21558
L4_w38_018.png,L4,38,21695
L4_w38_019.png,L4,38,21832
L4_w40_001.png,L4,40,22106
L4_w40_002.png,L4,40,22243
L4_w40_011.png,L4,40,23476
L4_w42_002.png,L4,42,24983
L4_w42_004.png,L4,42,25257
L4_w42_008.png,L4,42,25805
L4_w42_013.png,L4,42,26490
L4_w42_016.png,L4,42,26901
L4_w44_001.png,L4,44,27586
L4_w44_005.png,L4,44,28134
L4_w44_007.png,L4,44,28408
L4_w44_016.png,L4,44,29641
